{
    "buildInfo": {
        "rustc": {
            "version": "1.71.0-nightly",
            "commitHash": "a2b1646c597329d0a25efa3889b66650f65de1de",
            "commitDate": "2023-05-25",
            "channel": "Nightly",
            "short": "rustc 1.71.0-nightly (a2b1646c5 2023-05-25)"
        },
        "contractCrate": {
            "name": "freelancing-sc",
            "version": "0.0.0"
        },
        "framework": {
            "name": "multiversx-sc",
            "version": "0.44.0"
        }
    },
    "docs": [
        "An empty contract. To be used as a template when starting a new contract from scratch."
    ],
    "name": "FreelancingSmartContract",
    "constructor": {
        "inputs": [],
        "outputs": []
    },
    "endpoints": [
        {
            "name": "employee_offers",
            "mutability": "readonly",
            "inputs": [
                {
                    "name": "employee",
                    "type": "Address"
                }
            ],
            "outputs": [
                {
                    "type": "variadic<u32>",
                    "multi_result": true
                }
            ]
        },
        {
            "name": "employer_offers",
            "mutability": "readonly",
            "inputs": [
                {
                    "name": "employer",
                    "type": "Address"
                }
            ],
            "outputs": [
                {
                    "type": "variadic<u32>",
                    "multi_result": true
                }
            ]
        },
        {
            "name": "offer_counter",
            "mutability": "readonly",
            "inputs": [],
            "outputs": [
                {
                    "type": "u32"
                }
            ]
        },
        {
            "name": "orders",
            "mutability": "readonly",
            "inputs": [
                {
                    "name": "order_id",
                    "type": "u32"
                }
            ],
            "outputs": [
                {
                    "type": "Order"
                }
            ]
        }
    ],
    "events": [],
    "esdtAttributes": [],
    "hasCallback": false,
    "types": {
        "Order": {
            "type": "struct",
            "fields": [
                {
                    "name": "offer_id",
                    "type": "u32"
                },
                {
                    "name": "employer_address",
                    "type": "Address"
                },
                {
                    "name": "employee_address",
                    "type": "Address"
                },
                {
                    "name": "offered_value",
                    "type": "BigUint"
                },
                {
                    "name": "project_id",
                    "type": "u32"
                },
                {
                    "name": "status",
                    "type": "OrderStatus"
                },
                {
                    "name": "deadline",
                    "type": "u64"
                }
            ]
        },
        "OrderStatus": {
            "type": "enum",
            "variants": [
                {
                    "name": "Proposal",
                    "discriminant": 0
                },
                {
                    "name": "InProgress",
                    "discriminant": 1
                },
                {
                    "name": "Completed",
                    "discriminant": 2
                },
                {
                    "name": "Aborted",
                    "discriminant": 3
                }
            ]
        }
    }
}
